achieved_period_ns,bram18,bram36,clock_port,design_name,dsp,ebops,epoch,estimated_fmax_mhz,ff,implementation,lines_written,lut,model,out_dir,parallelism,part,part_requested,rtl_dir,status,target_period_ns,ths_ns,tns_ns,top,top_requested,total_bitwidth,train_acc_pct,uram,val_acc_pct,whs_ns,wns_ns,latency_cycles,latency_ns
1.205,0,0,clk,deepset_N16_e890_ebops146212_P_1_BW_11603,0,146212,890,829.8755186721992,867,arrc,51.0,17762,deepset_N16_e890_ebops146212,/mnt/ccnas2/bdp/bm920/da4ml/arrc/experiments/synthesis_results/deepset_from_checkpoints_flexi_parallelism/deepset_N16_e890_ebops146212/P_1_BW_11603_1/results,1.0,xcvu9p-flgb2104-2-i,xcvu9p-flgb2104-2-i,/mnt/ccnas2/bdp/bm920/da4ml/arrc/experiments/synthesis_results/deepset_from_checkpoints_flexi_parallelism/deepset_N16_e890_ebops146212/P_1_BW_11603_1/rtl,ok,5.0,,,top_module,top_module,11603.0,69.51,0,70.03,-0.063,3.795,18.0,21.69
1.61,0,0,clk,deepset_N16_e890_ebops146212_P_2_BW_11603,0,146212,890,621.1180124223603,1151,arrc,51.0,23914,deepset_N16_e890_ebops146212,/mnt/ccnas2/bdp/bm920/da4ml/arrc/experiments/synthesis_results/deepset_from_checkpoints_flexi_parallelism/deepset_N16_e890_ebops146212/P_2_BW_11603_1/results,2.0,xcvu9p-flgb2104-2-i,xcvu9p-flgb2104-2-i,/mnt/ccnas2/bdp/bm920/da4ml/arrc/experiments/synthesis_results/deepset_from_checkpoints_flexi_parallelism/deepset_N16_e890_ebops146212/P_2_BW_11603_1/rtl,ok,5.0,,,top_module,top_module,11603.0,69.51,0,70.03,-0.063,3.39,10.0,16.099999999999998
1.81,0,0,clk,deepset_N16_e890_ebops146212_P_3_BW_11603,0,146212,890,552.4861878453039,1435,arrc,51.0,30189,deepset_N16_e890_ebops146212,/mnt/ccnas2/bdp/bm920/da4ml/arrc/experiments/synthesis_results/deepset_from_checkpoints_flexi_parallelism/deepset_N16_e890_ebops146212/P_3_BW_11603_1/results,3.0,xcvu9p-flgb2104-2-i,xcvu9p-flgb2104-2-i,/mnt/ccnas2/bdp/bm920/da4ml/arrc/experiments/synthesis_results/deepset_from_checkpoints_flexi_parallelism/deepset_N16_e890_ebops146212/P_3_BW_11603_1/rtl,ok,5.0,,,top_module,top_module,11603.0,69.51,0,70.03,-0.063,3.19,8.0,14.48
2.119,0,0,clk,deepset_N16_e890_ebops146212_P_4_BW_11603,0,146212,890,471.9207173194903,1720,arrc,51.0,36524,deepset_N16_e890_ebops146212,/mnt/ccnas2/bdp/bm920/da4ml/arrc/experiments/synthesis_results/deepset_from_checkpoints_flexi_parallelism/deepset_N16_e890_ebops146212/P_4_BW_11603_1/results,4.0,xcvu9p-flgb2104-2-i,xcvu9p-flgb2104-2-i,/mnt/ccnas2/bdp/bm920/da4ml/arrc/experiments/synthesis_results/deepset_from_checkpoints_flexi_parallelism/deepset_N16_e890_ebops146212/P_4_BW_11603_1/rtl,ok,5.0,,,top_module,top_module,11603.0,69.51,0,70.03,-0.063,2.881,6.0,12.714
2.39,0,0,clk,deepset_N16_e890_ebops146212_P_5_BW_11603,0,146212,890,418.41004184100416,2005,arrc,51.0,42733,deepset_N16_e890_ebops146212,/mnt/ccnas2/bdp/bm920/da4ml/arrc/experiments/synthesis_results/deepset_from_checkpoints_flexi_parallelism/deepset_N16_e890_ebops146212/P_5_BW_11603_1/results,5.0,xcvu9p-flgb2104-2-i,xcvu9p-flgb2104-2-i,/mnt/ccnas2/bdp/bm920/da4ml/arrc/experiments/synthesis_results/deepset_from_checkpoints_flexi_parallelism/deepset_N16_e890_ebops146212/P_5_BW_11603_1/rtl,ok,5.0,,,top_module,top_module,11603.0,69.51,0,70.03,-0.063,2.61,6.0,14.340000000000002
2.124,0,0,clk,deepset_N16_e890_ebops146212_P_6_BW_11603,0,146212,890,470.8097928436911,2297,arrc,51.0,48995,deepset_N16_e890_ebops146212,/mnt/ccnas2/bdp/bm920/da4ml/arrc/experiments/synthesis_results/deepset_from_checkpoints_flexi_parallelism/deepset_N16_e890_ebops146212/P_6_BW_11603_1/results,6.0,xcvu9p-flgb2104-2-i,xcvu9p-flgb2104-2-i,/mnt/ccnas2/bdp/bm920/da4ml/arrc/experiments/synthesis_results/deepset_from_checkpoints_flexi_parallelism/deepset_N16_e890_ebops146212/P_6_BW_11603_1/rtl,ok,5.0,,,top_module,top_module,11603.0,69.51,0,70.03,-0.052,2.876,5.0,10.62
2.395,0,0,clk,deepset_N16_e890_ebops146212_P_7_BW_11603,0,146212,890,417.5365344467641,2574,arrc,51.0,55194,deepset_N16_e890_ebops146212,/mnt/ccnas2/bdp/bm920/da4ml/arrc/experiments/synthesis_results/deepset_from_checkpoints_flexi_parallelism/deepset_N16_e890_ebops146212/P_7_BW_11603_1/results,7.0,xcvu9p-flgb2104-2-i,xcvu9p-flgb2104-2-i,/mnt/ccnas2/bdp/bm920/da4ml/arrc/experiments/synthesis_results/deepset_from_checkpoints_flexi_parallelism/deepset_N16_e890_ebops146212/P_7_BW_11603_1/rtl,ok,5.0,,,top_module,top_module,11603.0,69.51,0,70.03,-0.063,2.605,5.0,11.975
2.495,0,0,clk,deepset_N16_e890_ebops146212_P_8_BW_11603,0,146212,890,400.8016032064128,2859,arrc,51.0,61177,deepset_N16_e890_ebops146212,/mnt/ccnas2/bdp/bm920/da4ml/arrc/experiments/synthesis_results/deepset_from_checkpoints_flexi_parallelism/deepset_N16_e890_ebops146212/P_8_BW_11603_1/results,8.0,xcvu9p-flgb2104-2-i,xcvu9p-flgb2104-2-i,/mnt/ccnas2/bdp/bm920/da4ml/arrc/experiments/synthesis_results/deepset_from_checkpoints_flexi_parallelism/deepset_N16_e890_ebops146212/P_8_BW_11603_1/rtl,ok,5.0,,,top_module,top_module,11603.0,69.51,0,70.03,-0.063,2.505,4.0,9.98
2.471,0,0,clk,deepset_N16_e890_ebops146212_P_9_BW_11603,0,146212,890,404.6944556859571,3144,arrc,51.0,68095,deepset_N16_e890_ebops146212,/mnt/ccnas2/bdp/bm920/da4ml/arrc/experiments/synthesis_results/deepset_from_checkpoints_flexi_parallelism/deepset_N16_e890_ebops146212/P_9_BW_11603_1/results,9.0,xcvu9p-flgb2104-2-i,xcvu9p-flgb2104-2-i,/mnt/ccnas2/bdp/bm920/da4ml/arrc/experiments/synthesis_results/deepset_from_checkpoints_flexi_parallelism/deepset_N16_e890_ebops146212/P_9_BW_11603_1/rtl,ok,5.0,,,top_module,top_module,11603.0,69.51,0,70.03,-0.051,2.529,4.0,9.884
2.718,0,0,clk,deepset_N16_e890_ebops146212_P_10_BW_11603,0,146212,890,367.9175864606328,3429,arrc,51.0,74133,deepset_N16_e890_ebops146212,/mnt/ccnas2/bdp/bm920/da4ml/arrc/experiments/synthesis_results/deepset_from_checkpoints_flexi_parallelism/deepset_N16_e890_ebops146212/P_10_BW_11603_1/results,10.0,xcvu9p-flgb2104-2-i,xcvu9p-flgb2104-2-i,/mnt/ccnas2/bdp/bm920/da4ml/arrc/experiments/synthesis_results/deepset_from_checkpoints_flexi_parallelism/deepset_N16_e890_ebops146212/P_10_BW_11603_1/rtl,ok,5.0,,,top_module,top_module,11603.0,69.51,0,70.03,-0.063,2.282,4.0,10.872000000000002
2.697,0,0,clk,deepset_N16_e890_ebops146212_P_11_BW_11603,0,146212,890,370.78235076010384,3714,arrc,51.0,79934,deepset_N16_e890_ebops146212,/mnt/ccnas2/bdp/bm920/da4ml/arrc/experiments/synthesis_results/deepset_from_checkpoints_flexi_parallelism/deepset_N16_e890_ebops146212/P_11_BW_11603_1/results,11.0,xcvu9p-flgb2104-2-i,xcvu9p-flgb2104-2-i,/mnt/ccnas2/bdp/bm920/da4ml/arrc/experiments/synthesis_results/deepset_from_checkpoints_flexi_parallelism/deepset_N16_e890_ebops146212/P_11_BW_11603_1/rtl,ok,5.0,,,top_module,top_module,11603.0,69.51,0,70.03,-0.063,2.303,4.0,10.788
2.983,0,0,clk,deepset_N16_e890_ebops146212_P_12_BW_11603,0,146212,890,335.2329869259135,3999,arrc,51.0,86563,deepset_N16_e890_ebops146212,/mnt/ccnas2/bdp/bm920/da4ml/arrc/experiments/synthesis_results/deepset_from_checkpoints_flexi_parallelism/deepset_N16_e890_ebops146212/P_12_BW_11603_1/results,12.0,xcvu9p-flgb2104-2-i,xcvu9p-flgb2104-2-i,/mnt/ccnas2/bdp/bm920/da4ml/arrc/experiments/synthesis_results/deepset_from_checkpoints_flexi_parallelism/deepset_N16_e890_ebops146212/P_12_BW_11603_1/rtl,ok,5.0,,,top_module,top_module,11603.0,69.51,0,70.03,-0.063,2.017,4.0,11.932
2.719,0,0,clk,deepset_N16_e890_ebops146212_P_13_BW_11603,0,146212,890,367.7822728944465,4284,arrc,51.0,92205,deepset_N16_e890_ebops146212,/mnt/ccnas2/bdp/bm920/da4ml/arrc/experiments/synthesis_results/deepset_from_checkpoints_flexi_parallelism/deepset_N16_e890_ebops146212/P_13_BW_11603_1/results,13.0,xcvu9p-flgb2104-2-i,xcvu9p-flgb2104-2-i,/mnt/ccnas2/bdp/bm920/da4ml/arrc/experiments/synthesis_results/deepset_from_checkpoints_flexi_parallelism/deepset_N16_e890_ebops146212/P_13_BW_11603_1/rtl,ok,5.0,,,top_module,top_module,11603.0,69.51,0,70.03,-0.063,2.281,4.0,10.876
2.846,0,0,clk,deepset_N16_e890_ebops146212_P_14_BW_11603,0,146212,890,351.37034434293747,4569,arrc,51.0,98700,deepset_N16_e890_ebops146212,/mnt/ccnas2/bdp/bm920/da4ml/arrc/experiments/synthesis_results/deepset_from_checkpoints_flexi_parallelism/deepset_N16_e890_ebops146212/P_14_BW_11603_1/results,14.0,xcvu9p-flgb2104-2-i,xcvu9p-flgb2104-2-i,/mnt/ccnas2/bdp/bm920/da4ml/arrc/experiments/synthesis_results/deepset_from_checkpoints_flexi_parallelism/deepset_N16_e890_ebops146212/P_14_BW_11603_1/rtl,ok,5.0,,,top_module,top_module,11603.0,69.51,0,70.03,-0.063,2.154,4.0,11.384
2.654,0,0,clk,deepset_N16_e890_ebops146212_P_15_BW_11603,0,146212,890,376.78975131876416,4917,arrc,51.0,105894,deepset_N16_e890_ebops146212,/mnt/ccnas2/bdp/bm920/da4ml/arrc/experiments/synthesis_results/deepset_from_checkpoints_flexi_parallelism/deepset_N16_e890_ebops146212/P_15_BW_11603_1/results,15.0,xcvu9p-flgb2104-2-i,xcvu9p-flgb2104-2-i,/mnt/ccnas2/bdp/bm920/da4ml/arrc/experiments/synthesis_results/deepset_from_checkpoints_flexi_parallelism/deepset_N16_e890_ebops146212/P_15_BW_11603_1/rtl,ok,5.0,,,top_module,top_module,11603.0,69.51,0,70.03,-0.06,2.346,4.0,10.616
2.583,0,0,clk,deepset_N16_e890_ebops146212_P_16_BW_11603,0,146212,890,387.1467286101432,5201,arrc,51.0,111204,deepset_N16_e890_ebops146212,/mnt/ccnas2/bdp/bm920/da4ml/arrc/experiments/synthesis_results/deepset_from_checkpoints_flexi_parallelism/deepset_N16_e890_ebops146212/P_16_BW_11603_1/results,16.0,xcvu9p-flgb2104-2-i,xcvu9p-flgb2104-2-i,/mnt/ccnas2/bdp/bm920/da4ml/arrc/experiments/synthesis_results/deepset_from_checkpoints_flexi_parallelism/deepset_N16_e890_ebops146212/P_16_BW_11603_1/rtl,ok,5.0,,,top_module,top_module,11603.0,69.51,0,70.03,-0.061,2.417,3.0,7.749
1.186,0,0,clk,deepset_N16_e490_ebops80935_P_1_BW_8224,0,80935,490,843.1703204047218,560,arrc,51.0,11886,deepset_N16_e490_ebops80935,/mnt/ccnas2/bdp/bm920/da4ml/arrc/experiments/synthesis_results/deepset_from_checkpoints_flexi_parallelism/deepset_N16_e490_ebops80935/P_1_BW_8224_1/results,1.0,xcvu9p-flgb2104-2-i,xcvu9p-flgb2104-2-i,/mnt/ccnas2/bdp/bm920/da4ml/arrc/experiments/synthesis_results/deepset_from_checkpoints_flexi_parallelism/deepset_N16_e490_ebops80935/P_1_BW_8224_1/rtl,ok,5.0,,,top_module,top_module,8224.0,68.93,0,69.57,-0.063,3.814,18.0,21.348
1.476,0,0,clk,deepset_N16_e490_ebops80935_P_2_BW_8224,0,80935,490,677.5067750677507,735,arrc,51.0,15393,deepset_N16_e490_ebops80935,/mnt/ccnas2/bdp/bm920/da4ml/arrc/experiments/synthesis_results/deepset_from_checkpoints_flexi_parallelism/deepset_N16_e490_ebops80935/P_2_BW_8224_1/results,2.0,xcvu9p-flgb2104-2-i,xcvu9p-flgb2104-2-i,/mnt/ccnas2/bdp/bm920/da4ml/arrc/experiments/synthesis_results/deepset_from_checkpoints_flexi_parallelism/deepset_N16_e490_ebops80935/P_2_BW_8224_1/rtl,ok,5.0,,,top_module,top_module,8224.0,68.93,0,69.57,-0.062,3.524,10.0,14.76
1.694,0,0,clk,deepset_N16_e490_ebops80935_P_3_BW_8224,0,80935,490,590.318772136954,910,arrc,51.0,19160,deepset_N16_e490_ebops80935,/mnt/ccnas2/bdp/bm920/da4ml/arrc/experiments/synthesis_results/deepset_from_checkpoints_flexi_parallelism/deepset_N16_e490_ebops80935/P_3_BW_8224_1/results,3.0,xcvu9p-flgb2104-2-i,xcvu9p-flgb2104-2-i,/mnt/ccnas2/bdp/bm920/da4ml/arrc/experiments/synthesis_results/deepset_from_checkpoints_flexi_parallelism/deepset_N16_e490_ebops80935/P_3_BW_8224_1/rtl,ok,5.0,,,top_module,top_module,8224.0,68.93,0,69.57,-0.056,3.306,8.0,13.552
2.07,0,0,clk,deepset_N16_e490_ebops80935_P_4_BW_8224,0,80935,490,483.0917874396136,1086,arrc,51.0,22656,deepset_N16_e490_ebops80935,/mnt/ccnas2/bdp/bm920/da4ml/arrc/experiments/synthesis_results/deepset_from_checkpoints_flexi_parallelism/deepset_N16_e490_ebops80935/P_4_BW_8224_1/results,4.0,xcvu9p-flgb2104-2-i,xcvu9p-flgb2104-2-i,/mnt/ccnas2/bdp/bm920/da4ml/arrc/experiments/synthesis_results/deepset_from_checkpoints_flexi_parallelism/deepset_N16_e490_ebops80935/P_4_BW_8224_1/rtl,ok,5.0,,,top_module,top_module,8224.0,68.93,0,69.57,-0.062,2.93,6.0,12.419999999999998
2.366,0,0,clk,deepset_N16_e490_ebops80935_P_5_BW_8224,0,80935,490,422.6542688081149,1262,arrc,51.0,26329,deepset_N16_e490_ebops80935,/mnt/ccnas2/bdp/bm920/da4ml/arrc/experiments/synthesis_results/deepset_from_checkpoints_flexi_parallelism/deepset_N16_e490_ebops80935/P_5_BW_8224_1/results,5.0,xcvu9p-flgb2104-2-i,xcvu9p-flgb2104-2-i,/mnt/ccnas2/bdp/bm920/da4ml/arrc/experiments/synthesis_results/deepset_from_checkpoints_flexi_parallelism/deepset_N16_e490_ebops80935/P_5_BW_8224_1/rtl,ok,5.0,,,top_module,top_module,8224.0,68.93,0,69.57,-0.062,2.634,6.0,14.196000000000002
2.321,0,0,clk,deepset_N16_e490_ebops80935_P_6_BW_8224,0,80935,490,430.84877208099954,1437,arrc,51.0,29931,deepset_N16_e490_ebops80935,/mnt/ccnas2/bdp/bm920/da4ml/arrc/experiments/synthesis_results/deepset_from_checkpoints_flexi_parallelism/deepset_N16_e490_ebops80935/P_6_BW_8224_1/results,6.0,xcvu9p-flgb2104-2-i,xcvu9p-flgb2104-2-i,/mnt/ccnas2/bdp/bm920/da4ml/arrc/experiments/synthesis_results/deepset_from_checkpoints_flexi_parallelism/deepset_N16_e490_ebops80935/P_6_BW_8224_1/rtl,ok,5.0,,,top_module,top_module,8224.0,68.93,0,69.57,-0.062,2.679,5.0,11.605
2.335,0,0,clk,deepset_N16_e490_ebops80935_P_7_BW_8224,0,80935,490,428.2655246252677,1613,arrc,51.0,33556,deepset_N16_e490_ebops80935,/mnt/ccnas2/bdp/bm920/da4ml/arrc/experiments/synthesis_results/deepset_from_checkpoints_flexi_parallelism/deepset_N16_e490_ebops80935/P_7_BW_8224_1/results,7.0,xcvu9p-flgb2104-2-i,xcvu9p-flgb2104-2-i,/mnt/ccnas2/bdp/bm920/da4ml/arrc/experiments/synthesis_results/deepset_from_checkpoints_flexi_parallelism/deepset_N16_e490_ebops80935/P_7_BW_8224_1/rtl,ok,5.0,,,top_module,top_module,8224.0,68.93,0,69.57,-0.062,2.665,5.0,11.675
2.398,0,0,clk,deepset_N16_e490_ebops80935_P_8_BW_8224,0,80935,490,417.0141784820684,1789,arrc,51.0,37109,deepset_N16_e490_ebops80935,/mnt/ccnas2/bdp/bm920/da4ml/arrc/experiments/synthesis_results/deepset_from_checkpoints_flexi_parallelism/deepset_N16_e490_ebops80935/P_8_BW_8224_1/results,8.0,xcvu9p-flgb2104-2-i,xcvu9p-flgb2104-2-i,/mnt/ccnas2/bdp/bm920/da4ml/arrc/experiments/synthesis_results/deepset_from_checkpoints_flexi_parallelism/deepset_N16_e490_ebops80935/P_8_BW_8224_1/rtl,ok,5.0,,,top_module,top_module,8224.0,68.93,0,69.57,-0.062,2.602,4.0,9.592
2.668,0,0,clk,deepset_N16_e490_ebops80935_P_9_BW_8224,0,80935,490,374.8125937031484,1965,arrc,51.0,40798,deepset_N16_e490_ebops80935,/mnt/ccnas2/bdp/bm920/da4ml/arrc/experiments/synthesis_results/deepset_from_checkpoints_flexi_parallelism/deepset_N16_e490_ebops80935/P_9_BW_8224_1/results,9.0,xcvu9p-flgb2104-2-i,xcvu9p-flgb2104-2-i,/mnt/ccnas2/bdp/bm920/da4ml/arrc/experiments/synthesis_results/deepset_from_checkpoints_flexi_parallelism/deepset_N16_e490_ebops80935/P_9_BW_8224_1/rtl,ok,5.0,,,top_module,top_module,8224.0,68.93,0,69.57,-0.062,2.332,4.0,10.672
2.712,0,0,clk,deepset_N16_e490_ebops80935_P_10_BW_8224,0,80935,490,368.73156342182887,2141,arrc,51.0,44503,deepset_N16_e490_ebops80935,/mnt/ccnas2/bdp/bm920/da4ml/arrc/experiments/synthesis_results/deepset_from_checkpoints_flexi_parallelism/deepset_N16_e490_ebops80935/P_10_BW_8224_1/results,10.0,xcvu9p-flgb2104-2-i,xcvu9p-flgb2104-2-i,/mnt/ccnas2/bdp/bm920/da4ml/arrc/experiments/synthesis_results/deepset_from_checkpoints_flexi_parallelism/deepset_N16_e490_ebops80935/P_10_BW_8224_1/rtl,ok,5.0,,,top_module,top_module,8224.0,68.93,0,69.57,-0.062,2.288,4.0,10.848
2.74,0,0,clk,deepset_N16_e490_ebops80935_P_11_BW_8224,0,80935,490,364.963503649635,2317,arrc,51.0,48090,deepset_N16_e490_ebops80935,/mnt/ccnas2/bdp/bm920/da4ml/arrc/experiments/synthesis_results/deepset_from_checkpoints_flexi_parallelism/deepset_N16_e490_ebops80935/P_11_BW_8224_1/results,11.0,xcvu9p-flgb2104-2-i,xcvu9p-flgb2104-2-i,/mnt/ccnas2/bdp/bm920/da4ml/arrc/experiments/synthesis_results/deepset_from_checkpoints_flexi_parallelism/deepset_N16_e490_ebops80935/P_11_BW_8224_1/rtl,ok,5.0,,,top_module,top_module,8224.0,68.93,0,69.57,-0.062,2.26,4.0,10.96
2.815,0,0,clk,deepset_N16_e490_ebops80935_P_12_BW_8224,0,80935,490,355.2397868561279,2493,arrc,51.0,51718,deepset_N16_e490_ebops80935,/mnt/ccnas2/bdp/bm920/da4ml/arrc/experiments/synthesis_results/deepset_from_checkpoints_flexi_parallelism/deepset_N16_e490_ebops80935/P_12_BW_8224_1/results,12.0,xcvu9p-flgb2104-2-i,xcvu9p-flgb2104-2-i,/mnt/ccnas2/bdp/bm920/da4ml/arrc/experiments/synthesis_results/deepset_from_checkpoints_flexi_parallelism/deepset_N16_e490_ebops80935/P_12_BW_8224_1/rtl,ok,5.0,,,top_module,top_module,8224.0,68.93,0,69.57,-0.062,2.185,4.0,11.26
2.723,0,0,clk,deepset_N16_e490_ebops80935_P_13_BW_8224,0,80935,490,367.2420124862284,2669,arrc,51.0,55342,deepset_N16_e490_ebops80935,/mnt/ccnas2/bdp/bm920/da4ml/arrc/experiments/synthesis_results/deepset_from_checkpoints_flexi_parallelism/deepset_N16_e490_ebops80935/P_13_BW_8224_1/results,13.0,xcvu9p-flgb2104-2-i,xcvu9p-flgb2104-2-i,/mnt/ccnas2/bdp/bm920/da4ml/arrc/experiments/synthesis_results/deepset_from_checkpoints_flexi_parallelism/deepset_N16_e490_ebops80935/P_13_BW_8224_1/rtl,ok,5.0,,,top_module,top_module,8224.0,68.93,0,69.57,-0.062,2.277,4.0,10.892
2.868,0,0,clk,deepset_N16_e490_ebops80935_P_14_BW_8224,0,80935,490,348.6750348675035,2845,arrc,51.0,58865,deepset_N16_e490_ebops80935,/mnt/ccnas2/bdp/bm920/da4ml/arrc/experiments/synthesis_results/deepset_from_checkpoints_flexi_parallelism/deepset_N16_e490_ebops80935/P_14_BW_8224_1/results,14.0,xcvu9p-flgb2104-2-i,xcvu9p-flgb2104-2-i,/mnt/ccnas2/bdp/bm920/da4ml/arrc/experiments/synthesis_results/deepset_from_checkpoints_flexi_parallelism/deepset_N16_e490_ebops80935/P_14_BW_8224_1/rtl,ok,5.0,,,top_module,top_module,8224.0,68.93,0,69.57,-0.062,2.132,4.0,11.472
2.957,0,0,clk,deepset_N16_e490_ebops80935_P_15_BW_8224,0,80935,490,338.1805884342239,3021,arrc,51.0,62660,deepset_N16_e490_ebops80935,/mnt/ccnas2/bdp/bm920/da4ml/arrc/experiments/synthesis_results/deepset_from_checkpoints_flexi_parallelism/deepset_N16_e490_ebops80935/P_15_BW_8224_1/results,15.0,xcvu9p-flgb2104-2-i,xcvu9p-flgb2104-2-i,/mnt/ccnas2/bdp/bm920/da4ml/arrc/experiments/synthesis_results/deepset_from_checkpoints_flexi_parallelism/deepset_N16_e490_ebops80935/P_15_BW_8224_1/rtl,ok,5.0,,,top_module,top_module,8224.0,68.93,0,69.57,-0.062,2.043,4.0,11.827999999999998
2.683,0,0,clk,deepset_N16_e490_ebops80935_P_16_BW_8224,0,80935,490,372.71710771524414,3196,arrc,51.0,66196,deepset_N16_e490_ebops80935,/mnt/ccnas2/bdp/bm920/da4ml/arrc/experiments/synthesis_results/deepset_from_checkpoints_flexi_parallelism/deepset_N16_e490_ebops80935/P_16_BW_8224_1/results,16.0,xcvu9p-flgb2104-2-i,xcvu9p-flgb2104-2-i,/mnt/ccnas2/bdp/bm920/da4ml/arrc/experiments/synthesis_results/deepset_from_checkpoints_flexi_parallelism/deepset_N16_e490_ebops80935/P_16_BW_8224_1/rtl,ok,5.0,,,top_module,top_module,8224.0,68.93,0,69.57,-0.062,2.317,3.0,8.049
1.226,0,0,clk,deepset_N16_e676_ebops52166_P_1_BW_7163,0,52166,676,815.6606851549756,465,arrc,51.0,9239,deepset_N16_e676_ebops52166,/mnt/ccnas2/bdp/bm920/da4ml/arrc/experiments/synthesis_results/deepset_from_checkpoints_flexi_parallelism/deepset_N16_e676_ebops52166/P_1_BW_7163_1/results,1.0,xcvu9p-flgb2104-2-i,xcvu9p-flgb2104-2-i,/mnt/ccnas2/bdp/bm920/da4ml/arrc/experiments/synthesis_results/deepset_from_checkpoints_flexi_parallelism/deepset_N16_e676_ebops52166/P_1_BW_7163_1/rtl,ok,5.0,,,top_module,top_module,7163.0,68.42,0,69.18,-0.063,3.774,18.0,22.068
1.4500000000000002,0,0,clk,deepset_N16_e676_ebops52166_P_2_BW_7163,0,52166,676,689.655172413793,608,arrc,51.0,11695,deepset_N16_e676_ebops52166,/mnt/ccnas2/bdp/bm920/da4ml/arrc/experiments/synthesis_results/deepset_from_checkpoints_flexi_parallelism/deepset_N16_e676_ebops52166/P_2_BW_7163_1/results,2.0,xcvu9p-flgb2104-2-i,xcvu9p-flgb2104-2-i,/mnt/ccnas2/bdp/bm920/da4ml/arrc/experiments/synthesis_results/deepset_from_checkpoints_flexi_parallelism/deepset_N16_e676_ebops52166/P_2_BW_7163_1/rtl,ok,5.0,,,top_module,top_module,7163.0,68.42,0,69.18,-0.062,3.55,10.0,14.500000000000002
1.822,0,0,clk,deepset_N16_e676_ebops52166_P_3_BW_7163,0,52166,676,548.847420417124,751,arrc,51.0,14101,deepset_N16_e676_ebops52166,/mnt/ccnas2/bdp/bm920/da4ml/arrc/experiments/synthesis_results/deepset_from_checkpoints_flexi_parallelism/deepset_N16_e676_ebops52166/P_3_BW_7163_1/results,3.0,xcvu9p-flgb2104-2-i,xcvu9p-flgb2104-2-i,/mnt/ccnas2/bdp/bm920/da4ml/arrc/experiments/synthesis_results/deepset_from_checkpoints_flexi_parallelism/deepset_N16_e676_ebops52166/P_3_BW_7163_1/rtl,ok,5.0,,,top_module,top_module,7163.0,68.42,0,69.18,-0.062,3.178,8.0,14.576
1.7759999999999998,0,0,clk,deepset_N16_e676_ebops52166_P_4_BW_7163,0,52166,676,563.0630630630632,895,arrc,51.0,16549,deepset_N16_e676_ebops52166,/mnt/ccnas2/bdp/bm920/da4ml/arrc/experiments/synthesis_results/deepset_from_checkpoints_flexi_parallelism/deepset_N16_e676_ebops52166/P_4_BW_7163_1/results,4.0,xcvu9p-flgb2104-2-i,xcvu9p-flgb2104-2-i,/mnt/ccnas2/bdp/bm920/da4ml/arrc/experiments/synthesis_results/deepset_from_checkpoints_flexi_parallelism/deepset_N16_e676_ebops52166/P_4_BW_7163_1/rtl,ok,5.0,,,top_module,top_module,7163.0,68.42,0,69.18,-0.062,3.224,6.0,10.656
2.336,0,0,clk,deepset_N16_e676_ebops52166_P_5_BW_7163,0,52166,676,428.082191780822,1039,arrc,51.0,19038,deepset_N16_e676_ebops52166,/mnt/ccnas2/bdp/bm920/da4ml/arrc/experiments/synthesis_results/deepset_from_checkpoints_flexi_parallelism/deepset_N16_e676_ebops52166/P_5_BW_7163_1/results,5.0,xcvu9p-flgb2104-2-i,xcvu9p-flgb2104-2-i,/mnt/ccnas2/bdp/bm920/da4ml/arrc/experiments/synthesis_results/deepset_from_checkpoints_flexi_parallelism/deepset_N16_e676_ebops52166/P_5_BW_7163_1/rtl,ok,5.0,,,top_module,top_module,7163.0,68.42,0,69.18,-0.062,2.664,6.0,14.015999999999998
2.285,0,0,clk,deepset_N16_e676_ebops52166_P_6_BW_7163,0,52166,676,437.636761487965,1182,arrc,51.0,21502,deepset_N16_e676_ebops52166,/mnt/ccnas2/bdp/bm920/da4ml/arrc/experiments/synthesis_results/deepset_from_checkpoints_flexi_parallelism/deepset_N16_e676_ebops52166/P_6_BW_7163_1/results,6.0,xcvu9p-flgb2104-2-i,xcvu9p-flgb2104-2-i,/mnt/ccnas2/bdp/bm920/da4ml/arrc/experiments/synthesis_results/deepset_from_checkpoints_flexi_parallelism/deepset_N16_e676_ebops52166/P_6_BW_7163_1/rtl,ok,5.0,,,top_module,top_module,7163.0,68.42,0,69.18,-0.062,2.715,5.0,11.425
2.301,0,0,clk,deepset_N16_e676_ebops52166_P_7_BW_7163,0,52166,676,434.593654932638,1326,arrc,51.0,23977,deepset_N16_e676_ebops52166,/mnt/ccnas2/bdp/bm920/da4ml/arrc/experiments/synthesis_results/deepset_from_checkpoints_flexi_parallelism/deepset_N16_e676_ebops52166/P_7_BW_7163_1/results,7.0,xcvu9p-flgb2104-2-i,xcvu9p-flgb2104-2-i,/mnt/ccnas2/bdp/bm920/da4ml/arrc/experiments/synthesis_results/deepset_from_checkpoints_flexi_parallelism/deepset_N16_e676_ebops52166/P_7_BW_7163_1/rtl,ok,5.0,,,top_module,top_module,7163.0,68.42,0,69.18,-0.062,2.699,5.0,11.505
2.284,0,0,clk,deepset_N16_e676_ebops52166_P_8_BW_7163,0,52166,676,437.82837127845886,1470,arrc,51.0,26470,deepset_N16_e676_ebops52166,/mnt/ccnas2/bdp/bm920/da4ml/arrc/experiments/synthesis_results/deepset_from_checkpoints_flexi_parallelism/deepset_N16_e676_ebops52166/P_8_BW_7163_1/results,8.0,xcvu9p-flgb2104-2-i,xcvu9p-flgb2104-2-i,/mnt/ccnas2/bdp/bm920/da4ml/arrc/experiments/synthesis_results/deepset_from_checkpoints_flexi_parallelism/deepset_N16_e676_ebops52166/P_8_BW_7163_1/rtl,ok,5.0,,,top_module,top_module,7163.0,68.42,0,69.18,-0.062,2.716,4.0,9.136
2.882,0,0,clk,deepset_N16_e676_ebops52166_P_9_BW_7163,0,52166,676,346.9812630117973,1614,arrc,51.0,28791,deepset_N16_e676_ebops52166,/mnt/ccnas2/bdp/bm920/da4ml/arrc/experiments/synthesis_results/deepset_from_checkpoints_flexi_parallelism/deepset_N16_e676_ebops52166/P_9_BW_7163_1/results,9.0,xcvu9p-flgb2104-2-i,xcvu9p-flgb2104-2-i,/mnt/ccnas2/bdp/bm920/da4ml/arrc/experiments/synthesis_results/deepset_from_checkpoints_flexi_parallelism/deepset_N16_e676_ebops52166/P_9_BW_7163_1/rtl,ok,5.0,,,top_module,top_module,7163.0,68.42,0,69.18,-0.062,2.118,4.0,11.528000000000002
2.722,0,0,clk,deepset_N16_e676_ebops52166_P_10_BW_7163,0,52166,676,367.37692872887584,1758,arrc,51.0,31504,deepset_N16_e676_ebops52166,/mnt/ccnas2/bdp/bm920/da4ml/arrc/experiments/synthesis_results/deepset_from_checkpoints_flexi_parallelism/deepset_N16_e676_ebops52166/P_10_BW_7163_1/results,10.0,xcvu9p-flgb2104-2-i,xcvu9p-flgb2104-2-i,/mnt/ccnas2/bdp/bm920/da4ml/arrc/experiments/synthesis_results/deepset_from_checkpoints_flexi_parallelism/deepset_N16_e676_ebops52166/P_10_BW_7163_1/rtl,ok,5.0,,,top_module,top_module,7163.0,68.42,0,69.18,-0.056,2.278,4.0,10.888
2.896,0,0,clk,deepset_N16_e676_ebops52166_P_11_BW_7163,0,52166,676,345.30386740331494,1902,arrc,51.0,33841,deepset_N16_e676_ebops52166,/mnt/ccnas2/bdp/bm920/da4ml/arrc/experiments/synthesis_results/deepset_from_checkpoints_flexi_parallelism/deepset_N16_e676_ebops52166/P_11_BW_7163_1/results,11.0,xcvu9p-flgb2104-2-i,xcvu9p-flgb2104-2-i,/mnt/ccnas2/bdp/bm920/da4ml/arrc/experiments/synthesis_results/deepset_from_checkpoints_flexi_parallelism/deepset_N16_e676_ebops52166/P_11_BW_7163_1/rtl,ok,5.0,,,top_module,top_module,7163.0,68.42,0,69.18,-0.062,2.104,4.0,11.584
3.097,0,0,clk,deepset_N16_e676_ebops52166_P_12_BW_7163,0,52166,676,322.8931223764934,2046,arrc,51.0,36250,deepset_N16_e676_ebops52166,/mnt/ccnas2/bdp/bm920/da4ml/arrc/experiments/synthesis_results/deepset_from_checkpoints_flexi_parallelism/deepset_N16_e676_ebops52166/P_12_BW_7163_1/results,12.0,xcvu9p-flgb2104-2-i,xcvu9p-flgb2104-2-i,/mnt/ccnas2/bdp/bm920/da4ml/arrc/experiments/synthesis_results/deepset_from_checkpoints_flexi_parallelism/deepset_N16_e676_ebops52166/P_12_BW_7163_1/rtl,ok,5.0,,,top_module,top_module,7163.0,68.42,0,69.18,-0.062,1.903,4.0,12.387999999999998
2.947,0,0,clk,deepset_N16_e676_ebops52166_P_13_BW_7163,0,52166,676,339.328130302002,2190,arrc,51.0,39140,deepset_N16_e676_ebops52166,/mnt/ccnas2/bdp/bm920/da4ml/arrc/experiments/synthesis_results/deepset_from_checkpoints_flexi_parallelism/deepset_N16_e676_ebops52166/P_13_BW_7163_1/results,13.0,xcvu9p-flgb2104-2-i,xcvu9p-flgb2104-2-i,/mnt/ccnas2/bdp/bm920/da4ml/arrc/experiments/synthesis_results/deepset_from_checkpoints_flexi_parallelism/deepset_N16_e676_ebops52166/P_13_BW_7163_1/rtl,ok,5.0,,,top_module,top_module,7163.0,68.42,0,69.18,-0.062,2.053,4.0,11.788
2.892,0,0,clk,deepset_N16_e676_ebops52166_P_14_BW_7163,0,52166,676,345.78146611341634,2334,arrc,51.0,41521,deepset_N16_e676_ebops52166,/mnt/ccnas2/bdp/bm920/da4ml/arrc/experiments/synthesis_results/deepset_from_checkpoints_flexi_parallelism/deepset_N16_e676_ebops52166/P_14_BW_7163_1/results,14.0,xcvu9p-flgb2104-2-i,xcvu9p-flgb2104-2-i,/mnt/ccnas2/bdp/bm920/da4ml/arrc/experiments/synthesis_results/deepset_from_checkpoints_flexi_parallelism/deepset_N16_e676_ebops52166/P_14_BW_7163_1/rtl,ok,5.0,,,top_module,top_module,7163.0,68.42,0,69.18,-0.062,2.108,4.0,11.568
3.065,0,0,clk,deepset_N16_e676_ebops52166_P_15_BW_7163,0,52166,676,326.2642740619902,2478,arrc,51.0,43643,deepset_N16_e676_ebops52166,/mnt/ccnas2/bdp/bm920/da4ml/arrc/experiments/synthesis_results/deepset_from_checkpoints_flexi_parallelism/deepset_N16_e676_ebops52166/P_15_BW_7163_1/results,15.0,xcvu9p-flgb2104-2-i,xcvu9p-flgb2104-2-i,/mnt/ccnas2/bdp/bm920/da4ml/arrc/experiments/synthesis_results/deepset_from_checkpoints_flexi_parallelism/deepset_N16_e676_ebops52166/P_15_BW_7163_1/rtl,ok,5.0,,,top_module,top_module,7163.0,68.42,0,69.18,-0.062,1.935,4.0,12.260000000000002
2.918,0,0,clk,deepset_N16_e676_ebops52166_P_16_BW_7163,0,52166,676,342.7004797806717,2621,arrc,51.0,46670,deepset_N16_e676_ebops52166,/mnt/ccnas2/bdp/bm920/da4ml/arrc/experiments/synthesis_results/deepset_from_checkpoints_flexi_parallelism/deepset_N16_e676_ebops52166/P_16_BW_7163_1/results,16.0,xcvu9p-flgb2104-2-i,xcvu9p-flgb2104-2-i,/mnt/ccnas2/bdp/bm920/da4ml/arrc/experiments/synthesis_results/deepset_from_checkpoints_flexi_parallelism/deepset_N16_e676_ebops52166/P_16_BW_7163_1/rtl,ok,5.0,,,top_module,top_module,7163.0,68.42,0,69.18,-0.062,2.082,3.0,8.754
1.226,0,0,clk,deepset_N16_e841_ebops33798_P_1_BW_5875,0,33798,841,815.6606851549756,372,arrc,51.0,7068,deepset_N16_e841_ebops33798,/mnt/ccnas2/bdp/bm920/da4ml/arrc/experiments/synthesis_results/deepset_from_checkpoints_flexi_parallelism/deepset_N16_e841_ebops33798/P_1_BW_5875_1/results,1.0,xcvu9p-flgb2104-2-i,xcvu9p-flgb2104-2-i,/mnt/ccnas2/bdp/bm920/da4ml/arrc/experiments/synthesis_results/deepset_from_checkpoints_flexi_parallelism/deepset_N16_e841_ebops33798/P_1_BW_5875_1/rtl,ok,5.0,,,top_module,top_module,5875.0,67.39,0,68.36,-0.069,3.774,18.0,22.068
1.61,0,0,clk,deepset_N16_e841_ebops33798_P_2_BW_5875,0,33798,841,621.1180124223603,485,arrc,51.0,8701,deepset_N16_e841_ebops33798,/mnt/ccnas2/bdp/bm920/da4ml/arrc/experiments/synthesis_results/deepset_from_checkpoints_flexi_parallelism/deepset_N16_e841_ebops33798/P_2_BW_5875_1/results,2.0,xcvu9p-flgb2104-2-i,xcvu9p-flgb2104-2-i,/mnt/ccnas2/bdp/bm920/da4ml/arrc/experiments/synthesis_results/deepset_from_checkpoints_flexi_parallelism/deepset_N16_e841_ebops33798/P_2_BW_5875_1/rtl,ok,5.0,,,top_module,top_module,5875.0,67.39,0,68.36,-0.062,3.39,10.0,16.099999999999998
1.794,0,0,clk,deepset_N16_e841_ebops33798_P_3_BW_5875,0,33798,841,557.4136008918617,598,arrc,51.0,10439,deepset_N16_e841_ebops33798,/mnt/ccnas2/bdp/bm920/da4ml/arrc/experiments/synthesis_results/deepset_from_checkpoints_flexi_parallelism/deepset_N16_e841_ebops33798/P_3_BW_5875_1/results,3.0,xcvu9p-flgb2104-2-i,xcvu9p-flgb2104-2-i,/mnt/ccnas2/bdp/bm920/da4ml/arrc/experiments/synthesis_results/deepset_from_checkpoints_flexi_parallelism/deepset_N16_e841_ebops33798/P_3_BW_5875_1/rtl,ok,5.0,,,top_module,top_module,5875.0,67.39,0,68.36,-0.062,3.206,8.0,14.352
2.119,0,0,clk,deepset_N16_e841_ebops33798_P_4_BW_5875,0,33798,841,471.9207173194903,712,arrc,51.0,12102,deepset_N16_e841_ebops33798,/mnt/ccnas2/bdp/bm920/da4ml/arrc/experiments/synthesis_results/deepset_from_checkpoints_flexi_parallelism/deepset_N16_e841_ebops33798/P_4_BW_5875_1/results,4.0,xcvu9p-flgb2104-2-i,xcvu9p-flgb2104-2-i,/mnt/ccnas2/bdp/bm920/da4ml/arrc/experiments/synthesis_results/deepset_from_checkpoints_flexi_parallelism/deepset_N16_e841_ebops33798/P_4_BW_5875_1/rtl,ok,5.0,,,top_module,top_module,5875.0,67.39,0,68.36,-0.062,2.881,6.0,12.714
2.374,0,0,clk,deepset_N16_e841_ebops33798_P_5_BW_5875,0,33798,841,421.22999157540016,826,arrc,51.0,13820,deepset_N16_e841_ebops33798,/mnt/ccnas2/bdp/bm920/da4ml/arrc/experiments/synthesis_results/deepset_from_checkpoints_flexi_parallelism/deepset_N16_e841_ebops33798/P_5_BW_5875_1/results,5.0,xcvu9p-flgb2104-2-i,xcvu9p-flgb2104-2-i,/mnt/ccnas2/bdp/bm920/da4ml/arrc/experiments/synthesis_results/deepset_from_checkpoints_flexi_parallelism/deepset_N16_e841_ebops33798/P_5_BW_5875_1/rtl,ok,5.0,,,top_module,top_module,5875.0,67.39,0,68.36,-0.062,2.626,6.0,14.244
2.359,0,0,clk,deepset_N16_e841_ebops33798_P_6_BW_5875,0,33798,841,423.908435777872,939,arrc,51.0,15587,deepset_N16_e841_ebops33798,/mnt/ccnas2/bdp/bm920/da4ml/arrc/experiments/synthesis_results/deepset_from_checkpoints_flexi_parallelism/deepset_N16_e841_ebops33798/P_6_BW_5875_1/results,6.0,xcvu9p-flgb2104-2-i,xcvu9p-flgb2104-2-i,/mnt/ccnas2/bdp/bm920/da4ml/arrc/experiments/synthesis_results/deepset_from_checkpoints_flexi_parallelism/deepset_N16_e841_ebops33798/P_6_BW_5875_1/rtl,ok,5.0,,,top_module,top_module,5875.0,67.39,0,68.36,-0.062,2.641,5.0,11.795
2.368,0,0,clk,deepset_N16_e841_ebops33798_P_7_BW_5875,0,33798,841,422.2972972972973,1053,arrc,51.0,17138,deepset_N16_e841_ebops33798,/mnt/ccnas2/bdp/bm920/da4ml/arrc/experiments/synthesis_results/deepset_from_checkpoints_flexi_parallelism/deepset_N16_e841_ebops33798/P_7_BW_5875_1/results,7.0,xcvu9p-flgb2104-2-i,xcvu9p-flgb2104-2-i,/mnt/ccnas2/bdp/bm920/da4ml/arrc/experiments/synthesis_results/deepset_from_checkpoints_flexi_parallelism/deepset_N16_e841_ebops33798/P_7_BW_5875_1/rtl,ok,5.0,,,top_module,top_module,5875.0,67.39,0,68.36,-0.062,2.632,5.0,11.84
2.495,0,0,clk,deepset_N16_e841_ebops33798_P_8_BW_5875,0,33798,841,400.8016032064128,1167,arrc,51.0,18913,deepset_N16_e841_ebops33798,/mnt/ccnas2/bdp/bm920/da4ml/arrc/experiments/synthesis_results/deepset_from_checkpoints_flexi_parallelism/deepset_N16_e841_ebops33798/P_8_BW_5875_1/results,8.0,xcvu9p-flgb2104-2-i,xcvu9p-flgb2104-2-i,/mnt/ccnas2/bdp/bm920/da4ml/arrc/experiments/synthesis_results/deepset_from_checkpoints_flexi_parallelism/deepset_N16_e841_ebops33798/P_8_BW_5875_1/rtl,ok,5.0,,,top_module,top_module,5875.0,67.39,0,68.36,-0.062,2.505,4.0,9.98
2.702,0,0,clk,deepset_N16_e841_ebops33798_P_9_BW_5875,0,33798,841,370.0962250185048,1281,arrc,51.0,20467,deepset_N16_e841_ebops33798,/mnt/ccnas2/bdp/bm920/da4ml/arrc/experiments/synthesis_results/deepset_from_checkpoints_flexi_parallelism/deepset_N16_e841_ebops33798/P_9_BW_5875_1/results,9.0,xcvu9p-flgb2104-2-i,xcvu9p-flgb2104-2-i,/mnt/ccnas2/bdp/bm920/da4ml/arrc/experiments/synthesis_results/deepset_from_checkpoints_flexi_parallelism/deepset_N16_e841_ebops33798/P_9_BW_5875_1/rtl,ok,5.0,,,top_module,top_module,5875.0,67.39,0,68.36,-0.062,2.298,4.0,10.808
2.814,0,0,clk,deepset_N16_e841_ebops33798_P_10_BW_5875,0,33798,841,355.36602700781805,1395,arrc,51.0,22260,deepset_N16_e841_ebops33798,/mnt/ccnas2/bdp/bm920/da4ml/arrc/experiments/synthesis_results/deepset_from_checkpoints_flexi_parallelism/deepset_N16_e841_ebops33798/P_10_BW_5875_1/results,10.0,xcvu9p-flgb2104-2-i,xcvu9p-flgb2104-2-i,/mnt/ccnas2/bdp/bm920/da4ml/arrc/experiments/synthesis_results/deepset_from_checkpoints_flexi_parallelism/deepset_N16_e841_ebops33798/P_10_BW_5875_1/rtl,ok,5.0,,,top_module,top_module,5875.0,67.39,0,68.36,-0.06,2.186,4.0,11.256
2.815,0,0,clk,deepset_N16_e841_ebops33798_P_11_BW_5875,0,33798,841,355.2397868561279,1509,arrc,51.0,24026,deepset_N16_e841_ebops33798,/mnt/ccnas2/bdp/bm920/da4ml/arrc/experiments/synthesis_results/deepset_from_checkpoints_flexi_parallelism/deepset_N16_e841_ebops33798/P_11_BW_5875_1/results,11.0,xcvu9p-flgb2104-2-i,xcvu9p-flgb2104-2-i,/mnt/ccnas2/bdp/bm920/da4ml/arrc/experiments/synthesis_results/deepset_from_checkpoints_flexi_parallelism/deepset_N16_e841_ebops33798/P_11_BW_5875_1/rtl,ok,5.0,,,top_module,top_module,5875.0,67.39,0,68.36,-0.062,2.185,4.0,11.26
2.95,0,0,clk,deepset_N16_e841_ebops33798_P_12_BW_5875,0,33798,841,338.9830508474576,1623,arrc,51.0,25604,deepset_N16_e841_ebops33798,/mnt/ccnas2/bdp/bm920/da4ml/arrc/experiments/synthesis_results/deepset_from_checkpoints_flexi_parallelism/deepset_N16_e841_ebops33798/P_12_BW_5875_1/results,12.0,xcvu9p-flgb2104-2-i,xcvu9p-flgb2104-2-i,/mnt/ccnas2/bdp/bm920/da4ml/arrc/experiments/synthesis_results/deepset_from_checkpoints_flexi_parallelism/deepset_N16_e841_ebops33798/P_12_BW_5875_1/rtl,ok,5.0,,,top_module,top_module,5875.0,67.39,0,68.36,-0.062,2.05,4.0,11.8
2.831,0,0,clk,deepset_N16_e841_ebops33798_P_13_BW_5875,0,33798,841,353.2320734722713,1737,arrc,51.0,27247,deepset_N16_e841_ebops33798,/mnt/ccnas2/bdp/bm920/da4ml/arrc/experiments/synthesis_results/deepset_from_checkpoints_flexi_parallelism/deepset_N16_e841_ebops33798/P_13_BW_5875_1/results,13.0,xcvu9p-flgb2104-2-i,xcvu9p-flgb2104-2-i,/mnt/ccnas2/bdp/bm920/da4ml/arrc/experiments/synthesis_results/deepset_from_checkpoints_flexi_parallelism/deepset_N16_e841_ebops33798/P_13_BW_5875_1/rtl,ok,5.0,,,top_module,top_module,5875.0,67.39,0,68.36,-0.062,2.169,4.0,11.324
2.818,0,0,clk,deepset_N16_e841_ebops33798_P_14_BW_5875,0,33798,841,354.86160397445,1851,arrc,51.0,29036,deepset_N16_e841_ebops33798,/mnt/ccnas2/bdp/bm920/da4ml/arrc/experiments/synthesis_results/deepset_from_checkpoints_flexi_parallelism/deepset_N16_e841_ebops33798/P_14_BW_5875_1/results,14.0,xcvu9p-flgb2104-2-i,xcvu9p-flgb2104-2-i,/mnt/ccnas2/bdp/bm920/da4ml/arrc/experiments/synthesis_results/deepset_from_checkpoints_flexi_parallelism/deepset_N16_e841_ebops33798/P_14_BW_5875_1/rtl,ok,5.0,,,top_module,top_module,5875.0,67.39,0,68.36,-0.062,2.182,4.0,11.271999999999998
2.807,0,0,clk,deepset_N16_e841_ebops33798_P_15_BW_5875,0,33798,841,356.2522265764161,1965,arrc,51.0,30654,deepset_N16_e841_ebops33798,/mnt/ccnas2/bdp/bm920/da4ml/arrc/experiments/synthesis_results/deepset_from_checkpoints_flexi_parallelism/deepset_N16_e841_ebops33798/P_15_BW_5875_1/results,15.0,xcvu9p-flgb2104-2-i,xcvu9p-flgb2104-2-i,/mnt/ccnas2/bdp/bm920/da4ml/arrc/experiments/synthesis_results/deepset_from_checkpoints_flexi_parallelism/deepset_N16_e841_ebops33798/P_15_BW_5875_1/rtl,ok,5.0,,,top_module,top_module,5875.0,67.39,0,68.36,-0.062,2.193,4.0,11.228
2.601,0,0,clk,deepset_N16_e841_ebops33798_P_16_BW_5875,0,33798,841,384.46751249519417,2078,arrc,51.0,32309,deepset_N16_e841_ebops33798,/mnt/ccnas2/bdp/bm920/da4ml/arrc/experiments/synthesis_results/deepset_from_checkpoints_flexi_parallelism/deepset_N16_e841_ebops33798/P_16_BW_5875_1/results,16.0,xcvu9p-flgb2104-2-i,xcvu9p-flgb2104-2-i,/mnt/ccnas2/bdp/bm920/da4ml/arrc/experiments/synthesis_results/deepset_from_checkpoints_flexi_parallelism/deepset_N16_e841_ebops33798/P_16_BW_5875_1/rtl,ok,5.0,,,top_module,top_module,5875.0,67.39,0,68.36,-0.062,2.399,3.0,7.803
1.226,0,0,clk,deepset_N16_e989_ebops24070_P_1_BW_5041,0,24070,989,815.6606851549756,332,arrc,51.0,5776,deepset_N16_e989_ebops24070,/mnt/ccnas2/bdp/bm920/da4ml/arrc/experiments/synthesis_results/deepset_from_checkpoints_flexi_parallelism/deepset_N16_e989_ebops24070/P_1_BW_5041_1/results,1.0,xcvu9p-flgb2104-2-i,xcvu9p-flgb2104-2-i,/mnt/ccnas2/bdp/bm920/da4ml/arrc/experiments/synthesis_results/deepset_from_checkpoints_flexi_parallelism/deepset_N16_e989_ebops24070/P_1_BW_5041_1/rtl,ok,5.0,,,top_module,top_module,5041.0,65.73,0,67.32,-0.063,3.774,18.0,22.068
1.379,0,0,clk,deepset_N16_e989_ebops24070_P_2_BW_5041,0,24070,989,725.1631617113851,427,arrc,51.0,6878,deepset_N16_e989_ebops24070,/mnt/ccnas2/bdp/bm920/da4ml/arrc/experiments/synthesis_results/deepset_from_checkpoints_flexi_parallelism/deepset_N16_e989_ebops24070/P_2_BW_5041_1/results,2.0,xcvu9p-flgb2104-2-i,xcvu9p-flgb2104-2-i,/mnt/ccnas2/bdp/bm920/da4ml/arrc/experiments/synthesis_results/deepset_from_checkpoints_flexi_parallelism/deepset_N16_e989_ebops24070/P_2_BW_5041_1/rtl,ok,5.0,,,top_module,top_module,5041.0,65.73,0,67.32,-0.062,3.621,10.0,13.79
1.7879999999999998,0,0,clk,deepset_N16_e989_ebops24070_P_3_BW_5041,0,24070,989,559.2841163310962,522,arrc,51.0,8023,deepset_N16_e989_ebops24070,/mnt/ccnas2/bdp/bm920/da4ml/arrc/experiments/synthesis_results/deepset_from_checkpoints_flexi_parallelism/deepset_N16_e989_ebops24070/P_3_BW_5041_1/results,3.0,xcvu9p-flgb2104-2-i,xcvu9p-flgb2104-2-i,/mnt/ccnas2/bdp/bm920/da4ml/arrc/experiments/synthesis_results/deepset_from_checkpoints_flexi_parallelism/deepset_N16_e989_ebops24070/P_3_BW_5041_1/rtl,ok,5.0,,,top_module,top_module,5041.0,65.73,0,67.32,-0.062,3.212,8.0,14.303999999999998
1.758,0,0,clk,deepset_N16_e989_ebops24070_P_4_BW_5041,0,24070,989,568.8282138794084,618,arrc,51.0,9110,deepset_N16_e989_ebops24070,/mnt/ccnas2/bdp/bm920/da4ml/arrc/experiments/synthesis_results/deepset_from_checkpoints_flexi_parallelism/deepset_N16_e989_ebops24070/P_4_BW_5041_1/results,4.0,xcvu9p-flgb2104-2-i,xcvu9p-flgb2104-2-i,/mnt/ccnas2/bdp/bm920/da4ml/arrc/experiments/synthesis_results/deepset_from_checkpoints_flexi_parallelism/deepset_N16_e989_ebops24070/P_4_BW_5041_1/rtl,ok,5.0,,,top_module,top_module,5041.0,65.73,0,67.32,-0.062,3.242,6.0,10.548
2.227,0,0,clk,deepset_N16_e989_ebops24070_P_5_BW_5041,0,24070,989,449.034575662326,714,arrc,51.0,10301,deepset_N16_e989_ebops24070,/mnt/ccnas2/bdp/bm920/da4ml/arrc/experiments/synthesis_results/deepset_from_checkpoints_flexi_parallelism/deepset_N16_e989_ebops24070/P_5_BW_5041_1/results,5.0,xcvu9p-flgb2104-2-i,xcvu9p-flgb2104-2-i,/mnt/ccnas2/bdp/bm920/da4ml/arrc/experiments/synthesis_results/deepset_from_checkpoints_flexi_parallelism/deepset_N16_e989_ebops24070/P_5_BW_5041_1/rtl,ok,5.0,,,top_module,top_module,5041.0,65.73,0,67.32,-0.062,2.773,6.0,13.362
2.049,0,0,clk,deepset_N16_e989_ebops24070_P_6_BW_5041,0,24070,989,488.0429477794046,809,arrc,51.0,11404,deepset_N16_e989_ebops24070,/mnt/ccnas2/bdp/bm920/da4ml/arrc/experiments/synthesis_results/deepset_from_checkpoints_flexi_parallelism/deepset_N16_e989_ebops24070/P_6_BW_5041_1/results,6.0,xcvu9p-flgb2104-2-i,xcvu9p-flgb2104-2-i,/mnt/ccnas2/bdp/bm920/da4ml/arrc/experiments/synthesis_results/deepset_from_checkpoints_flexi_parallelism/deepset_N16_e989_ebops24070/P_6_BW_5041_1/rtl,ok,5.0,,,top_module,top_module,5041.0,65.73,0,67.32,-0.06,2.951,5.0,10.245
2.215,0,0,clk,deepset_N16_e989_ebops24070_P_7_BW_5041,0,24070,989,451.4672686230248,905,arrc,51.0,12585,deepset_N16_e989_ebops24070,/mnt/ccnas2/bdp/bm920/da4ml/arrc/experiments/synthesis_results/deepset_from_checkpoints_flexi_parallelism/deepset_N16_e989_ebops24070/P_7_BW_5041_1/results,7.0,xcvu9p-flgb2104-2-i,xcvu9p-flgb2104-2-i,/mnt/ccnas2/bdp/bm920/da4ml/arrc/experiments/synthesis_results/deepset_from_checkpoints_flexi_parallelism/deepset_N16_e989_ebops24070/P_7_BW_5041_1/rtl,ok,5.0,,,top_module,top_module,5041.0,65.73,0,67.32,-0.062,2.785,5.0,11.075
2.209,0,0,clk,deepset_N16_e989_ebops24070_P_8_BW_5041,0,24070,989,452.69352648257126,1001,arrc,51.0,13747,deepset_N16_e989_ebops24070,/mnt/ccnas2/bdp/bm920/da4ml/arrc/experiments/synthesis_results/deepset_from_checkpoints_flexi_parallelism/deepset_N16_e989_ebops24070/P_8_BW_5041_1/results,8.0,xcvu9p-flgb2104-2-i,xcvu9p-flgb2104-2-i,/mnt/ccnas2/bdp/bm920/da4ml/arrc/experiments/synthesis_results/deepset_from_checkpoints_flexi_parallelism/deepset_N16_e989_ebops24070/P_8_BW_5041_1/rtl,ok,5.0,,,top_module,top_module,5041.0,65.73,0,67.32,-0.062,2.791,4.0,8.836
2.631,0,0,clk,deepset_N16_e989_ebops24070_P_9_BW_5041,0,24070,989,380.0836183960472,1097,arrc,51.0,14706,deepset_N16_e989_ebops24070,/mnt/ccnas2/bdp/bm920/da4ml/arrc/experiments/synthesis_results/deepset_from_checkpoints_flexi_parallelism/deepset_N16_e989_ebops24070/P_9_BW_5041_1/results,9.0,xcvu9p-flgb2104-2-i,xcvu9p-flgb2104-2-i,/mnt/ccnas2/bdp/bm920/da4ml/arrc/experiments/synthesis_results/deepset_from_checkpoints_flexi_parallelism/deepset_N16_e989_ebops24070/P_9_BW_5041_1/rtl,ok,5.0,,,top_module,top_module,5041.0,65.73,0,67.32,-0.062,2.369,4.0,10.523999999999996
2.714,0,0,clk,deepset_N16_e989_ebops24070_P_10_BW_5041,0,24070,989,368.45983787767136,1193,arrc,51.0,15955,deepset_N16_e989_ebops24070,/mnt/ccnas2/bdp/bm920/da4ml/arrc/experiments/synthesis_results/deepset_from_checkpoints_flexi_parallelism/deepset_N16_e989_ebops24070/P_10_BW_5041_1/results,10.0,xcvu9p-flgb2104-2-i,xcvu9p-flgb2104-2-i,/mnt/ccnas2/bdp/bm920/da4ml/arrc/experiments/synthesis_results/deepset_from_checkpoints_flexi_parallelism/deepset_N16_e989_ebops24070/P_10_BW_5041_1/rtl,ok,5.0,,,top_module,top_module,5041.0,65.73,0,67.32,-0.062,2.286,4.0,10.856
2.838,0,0,clk,deepset_N16_e989_ebops24070_P_11_BW_5041,0,24070,989,352.36081747709653,1289,arrc,51.0,17181,deepset_N16_e989_ebops24070,/mnt/ccnas2/bdp/bm920/da4ml/arrc/experiments/synthesis_results/deepset_from_checkpoints_flexi_parallelism/deepset_N16_e989_ebops24070/P_11_BW_5041_1/results,11.0,xcvu9p-flgb2104-2-i,xcvu9p-flgb2104-2-i,/mnt/ccnas2/bdp/bm920/da4ml/arrc/experiments/synthesis_results/deepset_from_checkpoints_flexi_parallelism/deepset_N16_e989_ebops24070/P_11_BW_5041_1/rtl,ok,5.0,,,top_module,top_module,5041.0,65.73,0,67.32,-0.056,2.162,4.0,11.352
2.697,0,0,clk,deepset_N16_e989_ebops24070_P_12_BW_5041,0,24070,989,370.78235076010384,1385,arrc,51.0,18276,deepset_N16_e989_ebops24070,/mnt/ccnas2/bdp/bm920/da4ml/arrc/experiments/synthesis_results/deepset_from_checkpoints_flexi_parallelism/deepset_N16_e989_ebops24070/P_12_BW_5041_1/results,12.0,xcvu9p-flgb2104-2-i,xcvu9p-flgb2104-2-i,/mnt/ccnas2/bdp/bm920/da4ml/arrc/experiments/synthesis_results/deepset_from_checkpoints_flexi_parallelism/deepset_N16_e989_ebops24070/P_12_BW_5041_1/rtl,ok,5.0,,,top_module,top_module,5041.0,65.73,0,67.32,-0.056,2.303,4.0,10.788
2.842,0,0,clk,deepset_N16_e989_ebops24070_P_13_BW_5041,0,24070,989,351.8648838845883,1481,arrc,51.0,19292,deepset_N16_e989_ebops24070,/mnt/ccnas2/bdp/bm920/da4ml/arrc/experiments/synthesis_results/deepset_from_checkpoints_flexi_parallelism/deepset_N16_e989_ebops24070/P_13_BW_5041_1/results,13.0,xcvu9p-flgb2104-2-i,xcvu9p-flgb2104-2-i,/mnt/ccnas2/bdp/bm920/da4ml/arrc/experiments/synthesis_results/deepset_from_checkpoints_flexi_parallelism/deepset_N16_e989_ebops24070/P_13_BW_5041_1/rtl,ok,5.0,,,top_module,top_module,5041.0,65.73,0,67.32,-0.062,2.158,4.0,11.368
3.133,0,0,clk,deepset_N16_e989_ebops24070_P_14_BW_5041,0,24070,989,319.1828917969997,1577,arrc,51.0,20376,deepset_N16_e989_ebops24070,/mnt/ccnas2/bdp/bm920/da4ml/arrc/experiments/synthesis_results/deepset_from_checkpoints_flexi_parallelism/deepset_N16_e989_ebops24070/P_14_BW_5041_1/results,14.0,xcvu9p-flgb2104-2-i,xcvu9p-flgb2104-2-i,/mnt/ccnas2/bdp/bm920/da4ml/arrc/experiments/synthesis_results/deepset_from_checkpoints_flexi_parallelism/deepset_N16_e989_ebops24070/P_14_BW_5041_1/rtl,ok,5.0,,,top_module,top_module,5041.0,65.73,0,67.32,-0.062,1.867,4.0,12.532
2.986,0,0,clk,deepset_N16_e989_ebops24070_P_15_BW_5041,0,24070,989,334.8961821835231,1673,arrc,51.0,21512,deepset_N16_e989_ebops24070,/mnt/ccnas2/bdp/bm920/da4ml/arrc/experiments/synthesis_results/deepset_from_checkpoints_flexi_parallelism/deepset_N16_e989_ebops24070/P_15_BW_5041_1/results,15.0,xcvu9p-flgb2104-2-i,xcvu9p-flgb2104-2-i,/mnt/ccnas2/bdp/bm920/da4ml/arrc/experiments/synthesis_results/deepset_from_checkpoints_flexi_parallelism/deepset_N16_e989_ebops24070/P_15_BW_5041_1/rtl,ok,5.0,,,top_module,top_module,5041.0,65.73,0,67.32,-0.062,2.014,4.0,11.944
2.757,0,0,clk,deepset_N16_e989_ebops24070_P_16_BW_5041,0,24070,989,362.7130939426913,1768,arrc,51.0,22692,deepset_N16_e989_ebops24070,/mnt/ccnas2/bdp/bm920/da4ml/arrc/experiments/synthesis_results/deepset_from_checkpoints_flexi_parallelism/deepset_N16_e989_ebops24070/P_16_BW_5041_1/results,16.0,xcvu9p-flgb2104-2-i,xcvu9p-flgb2104-2-i,/mnt/ccnas2/bdp/bm920/da4ml/arrc/experiments/synthesis_results/deepset_from_checkpoints_flexi_parallelism/deepset_N16_e989_ebops24070/P_16_BW_5041_1/rtl,ok,5.0,,,top_module,top_module,5041.0,65.73,0,67.32,-0.062,2.243,3.0,8.271
6.07,0,0,clk,baseline,0,146212,890,164.74464579901152,26297,baseline,,112671,deepset_N16_e890_ebops146212,/mnt/ccnas2/bdp/bm920/da4ml/arrc/experiments/synthesis_results/deepset_from_checkpoints_flexi_parallelism/deepset_N16_e890_ebops146212/baseline/results,,xcvu9p-flgb2104-2-i,xcvu9p-flgb2104-2-i,/mnt/ccnas2/bdp/bm920/da4ml/arrc/experiments/synthesis_results/deepset_from_checkpoints_flexi_parallelism/deepset_N16_e890_ebops146212/baseline/rtl,ok,5.0,,,vmodel,vmodel,,69.51,0,70.03,-0.073,-1.07,1.0,6.07
6.245,0,0,clk,baseline,0,80935,490,160.1281024819856,14115,baseline,,67594,deepset_N16_e490_ebops80935,/mnt/ccnas2/bdp/bm920/da4ml/arrc/experiments/synthesis_results/deepset_from_checkpoints_flexi_parallelism/deepset_N16_e490_ebops80935/baseline/results,,xcvu9p-flgb2104-2-i,xcvu9p-flgb2104-2-i,/mnt/ccnas2/bdp/bm920/da4ml/arrc/experiments/synthesis_results/deepset_from_checkpoints_flexi_parallelism/deepset_N16_e490_ebops80935/baseline/rtl,ok,5.0,,,vmodel,vmodel,,68.93,0,69.57,-0.073,-1.245,1.0,6.245
6.016,0,0,clk,baseline,0,52166,676,166.22340425531914,7999,baseline,,48720,deepset_N16_e676_ebops52166,/mnt/ccnas2/bdp/bm920/da4ml/arrc/experiments/synthesis_results/deepset_from_checkpoints_flexi_parallelism/deepset_N16_e676_ebops52166/baseline/results,,xcvu9p-flgb2104-2-i,xcvu9p-flgb2104-2-i,/mnt/ccnas2/bdp/bm920/da4ml/arrc/experiments/synthesis_results/deepset_from_checkpoints_flexi_parallelism/deepset_N16_e676_ebops52166/baseline/rtl,ok,5.0,,,vmodel,vmodel,,68.42,0,69.18,-0.073,-1.016,1.0,6.016
5.983,0,0,clk,baseline,0,33798,841,167.1402306535183,8398,baseline,,34157,deepset_N16_e841_ebops33798,/mnt/ccnas2/bdp/bm920/da4ml/arrc/experiments/synthesis_results/deepset_from_checkpoints_flexi_parallelism/deepset_N16_e841_ebops33798/baseline/results,,xcvu9p-flgb2104-2-i,xcvu9p-flgb2104-2-i,/mnt/ccnas2/bdp/bm920/da4ml/arrc/experiments/synthesis_results/deepset_from_checkpoints_flexi_parallelism/deepset_N16_e841_ebops33798/baseline/rtl,ok,5.0,,,vmodel,vmodel,,67.39,0,68.36,-0.071,-0.983,1.0,5.983
6.711,0,0,clk,baseline,0,24070,989,149.0090895544628,4319,baseline,,24344,deepset_N16_e989_ebops24070,/mnt/ccnas2/bdp/bm920/da4ml/arrc/experiments/synthesis_results/deepset_from_checkpoints_flexi_parallelism/deepset_N16_e989_ebops24070/baseline/results,,xcvu9p-flgb2104-2-i,xcvu9p-flgb2104-2-i,/mnt/ccnas2/bdp/bm920/da4ml/arrc/experiments/synthesis_results/deepset_from_checkpoints_flexi_parallelism/deepset_N16_e989_ebops24070/baseline/rtl,ok,5.0,,,vmodel,vmodel,,65.73,0,67.32,-0.073,-1.711,1.0,6.711000000000001
