epoch,model_label,model_path,fold_factor,target_fmax_hz,pipeline_status,error_type,error_message,estimated_lut,work_cost,work_to_area_ratio,schedule_latency_cycles,da4ml_combtrace_latency_proxy_cycles,da4ml_combtrace_resource_count,sample_ii_cycles,throughput_samples_per_sec,max_resource_utilisation,correctness_passed,checked_output_count,mismatched_elements,fold_group_count
490,deepset_N16_e490_ebops80935,official_models/deepset/epoch=490-acc=68.93%-val_acc=69.57%-EBOPs=80935.keras,1,300000000.0,ok,,,60242.0,60242.0,1.0,37,37,6,1,300000000.0,0.02702702702702703,True,5,0,1
490,deepset_N16_e490_ebops80935,official_models/deepset/epoch=490-acc=68.93%-val_acc=69.57%-EBOPs=80935.keras,2,300000000.0,ok,,,33203.0,58276.0,1.7551426075956993,38,36,6,2,150000000.0,0.05263157894736842,True,5,0,1
490,deepset_N16_e490_ebops80935,official_models/deepset/epoch=490-acc=68.93%-val_acc=69.57%-EBOPs=80935.keras,4,300000000.0,ok,,,20489.0,57659.0,2.8141441749231295,39,35,6,4,75000000.0,0.10256410256410256,True,5,0,1
490,deepset_N16_e490_ebops80935,official_models/deepset/epoch=490-acc=68.93%-val_acc=69.57%-EBOPs=80935.keras,8,300000000.0,ok,,,14191.0,56604.0,3.988725248396871,42,34,6,8,37500000.0,0.19047619047619047,True,5,0,1
490,deepset_N16_e490_ebops80935,official_models/deepset/epoch=490-acc=68.93%-val_acc=69.57%-EBOPs=80935.keras,16,300000000.0,ok,,,11207.0,56837.0,5.071562416346926,50,34,6,16,18750000.0,0.32,True,5,0,1
676,deepset_N16_e676_ebops52166,official_models/deepset/epoch=676-acc=68.42%-val_acc=69.18%-EBOPs=52166.keras,1,300000000.0,ok,,,43031.0,43031.0,1.0,29,29,6,1,300000000.0,0.034482758620689655,True,5,0,1
676,deepset_N16_e676_ebops52166,official_models/deepset/epoch=676-acc=68.42%-val_acc=69.18%-EBOPs=52166.keras,2,300000000.0,ok,,,24288.0,41793.0,1.7207262845849802,30,28,6,2,150000000.0,0.06666666666666667,True,5,0,1
676,deepset_N16_e676_ebops52166,official_models/deepset/epoch=676-acc=68.42%-val_acc=69.18%-EBOPs=52166.keras,4,300000000.0,ok,,,15384.0,41280.0,2.6833073322932917,31,27,6,4,75000000.0,0.12903225806451613,True,5,0,1
676,deepset_N16_e676_ebops52166,official_models/deepset/epoch=676-acc=68.42%-val_acc=69.18%-EBOPs=52166.keras,8,300000000.0,ok,,,10989.0,40417.0,3.677950677950678,34,26,6,8,37500000.0,0.23529411764705882,True,5,0,1
676,deepset_N16_e676_ebops52166,official_models/deepset/epoch=676-acc=68.42%-val_acc=69.18%-EBOPs=52166.keras,16,300000000.0,ok,,,8913.0,40338.0,4.5257489060922245,42,26,6,16,18750000.0,0.38095238095238093,True,5,0,1
841,deepset_N16_e841_ebops33798,official_models/deepset/epoch=841-acc=67.39%-val_acc=68.36%-EBOPs=33798.keras,1,300000000.0,ok,,,29285.0,29285.0,1.0,30,30,6,1,300000000.0,0.03333333333333333,True,5,0,1
841,deepset_N16_e841_ebops33798,official_models/deepset/epoch=841-acc=67.39%-val_acc=68.36%-EBOPs=33798.keras,2,300000000.0,ok,,,16968.0,28500.0,1.6796322489391797,31,29,6,2,150000000.0,0.06451612903225806,True,5,0,1
841,deepset_N16_e841_ebops33798,official_models/deepset/epoch=841-acc=67.39%-val_acc=68.36%-EBOPs=33798.keras,4,300000000.0,ok,,,11072.0,28073.0,2.535494942196532,32,28,6,4,75000000.0,0.125,True,5,0,1
841,deepset_N16_e841_ebops33798,official_models/deepset/epoch=841-acc=67.39%-val_acc=68.36%-EBOPs=33798.keras,8,300000000.0,ok,,,8180.0,27374.0,3.3464547677261614,35,27,6,8,37500000.0,0.22857142857142856,True,5,0,1
841,deepset_N16_e841_ebops33798,official_models/deepset/epoch=841-acc=67.39%-val_acc=68.36%-EBOPs=33798.keras,16,300000000.0,ok,,,6828.0,27183.0,3.9811072056239016,43,27,6,16,18750000.0,0.37209302325581395,True,5,0,1
890,deepset_N16_e890_ebops146212,official_models/deepset/epoch=890-acc=69.51%-val_acc=70.03%-EBOPs=146212.keras,1,300000000.0,ok,,,101727.0,101727.0,1.0,35,35,6,1,300000000.0,0.02857142857142857,True,5,0,1
890,deepset_N16_e890_ebops146212,official_models/deepset/epoch=890-acc=69.51%-val_acc=70.03%-EBOPs=146212.keras,2,300000000.0,ok,,,54905.0,98252.0,1.789490938894454,36,34,6,2,150000000.0,0.05555555555555555,True,5,0,1
890,deepset_N16_e890_ebops146212,official_models/deepset/epoch=890-acc=69.51%-val_acc=70.03%-EBOPs=146212.keras,4,300000000.0,ok,,,32974.0,97315.0,2.9512646327409473,37,33,6,4,75000000.0,0.10810810810810811,True,5,0,1
890,deepset_N16_e890_ebops146212,official_models/deepset/epoch=890-acc=69.51%-val_acc=70.03%-EBOPs=146212.keras,8,300000000.0,ok,,,22070.0,95640.0,4.333484367920254,40,32,6,8,37500000.0,0.2,True,5,0,1
890,deepset_N16_e890_ebops146212,official_models/deepset/epoch=890-acc=69.51%-val_acc=70.03%-EBOPs=146212.keras,16,300000000.0,ok,,,16835.0,95465.0,5.670626670626671,48,32,6,16,18750000.0,0.3333333333333333,True,5,0,1
989,deepset_N16_e989_ebops24070,official_models/deepset/epoch=989-acc=65.73%-val_acc=67.32%-EBOPs=24070.keras,1,300000000.0,ok,,,20452.0,20452.0,1.0,28,28,6,1,300000000.0,0.03571428571428571,True,5,0,1
989,deepset_N16_e989_ebops24070,official_models/deepset/epoch=989-acc=65.73%-val_acc=67.32%-EBOPs=24070.keras,2,300000000.0,ok,,,12373.0,20127.0,1.6266871413561788,29,27,6,2,150000000.0,0.06896551724137931,True,5,0,1
989,deepset_N16_e989_ebops24070,official_models/deepset/epoch=989-acc=65.73%-val_acc=67.32%-EBOPs=24070.keras,4,300000000.0,ok,,,8383.0,19768.0,2.358105690087081,30,26,6,4,75000000.0,0.13333333333333333,True,5,0,1
989,deepset_N16_e989_ebops24070,official_models/deepset/epoch=989-acc=65.73%-val_acc=67.32%-EBOPs=24070.keras,8,300000000.0,ok,,,6443.0,19197.0,2.9795126493869315,33,25,6,8,37500000.0,0.24242424242424243,True,5,0,1
989,deepset_N16_e989_ebops24070,official_models/deepset/epoch=989-acc=65.73%-val_acc=67.32%-EBOPs=24070.keras,16,300000000.0,ok,,,5538.0,18798.0,3.3943661971830985,41,25,6,16,18750000.0,0.3902439024390244,True,5,0,1
