feature_set,features,particles,model_artifact,fold_factor,design,pipeline_status,error_type,error_message,stair_lut,stair_ff,stair_dsp,stair_bram,latency_cycles,ii,throughput_samples_per_sec,max_resource_utilisation,work_cost,work_to_area_ratio,correctness_passed,checked_output_count,mismatched_elements,reference_output_widths,scheduled_output_widths,fold_group_count,lanes,max_temporal_steps
3-feature,3,8,official_models/3-feature-perminv/jet_classifier_large_8/models/epoch=1087-acc=66.97%-val_acc=66.60%-EBOPs=170586.keras,1,Spatial baseline,ok,,,130150.0,66206.0,0.0,0.0,54,1,300000000.0,0.018518518518518517,130150.0,1.0,True,5,0,"[18, 3, -17, 4, 1]","[18, 3, -17, 4, 1]",1,8,1
3-feature,3,8,official_models/3-feature-perminv/jet_classifier_large_8/models/epoch=1087-acc=66.97%-val_acc=66.60%-EBOPs=170586.keras,2,Folded-2,ok,,,87921.0,40805.0,0.0,0.0,54,2,150000000.0,0.037037037037037035,128833.0,1.4653268274928628,True,5,0,"[18, 3, -17, 4, 1]","[18, 3, -17, 4, 1]",1,4,2
3-feature,3,8,official_models/3-feature-perminv/jet_classifier_large_8/models/epoch=1087-acc=66.97%-val_acc=66.60%-EBOPs=170586.keras,4,Folded-4,ok,,,66951.0,27998.0,0.0,0.0,56,4,75000000.0,0.07142857142857142,126777.0,1.8935788860509926,True,5,0,"[18, 3, -17, 4, 1]","[18, 3, -17, 4, 1]",1,2,4
3-feature,3,8,official_models/3-feature-perminv/jet_classifier_large_8/models/epoch=1087-acc=66.97%-val_acc=66.60%-EBOPs=170586.keras,8,Folded-8,ok,,,56470.0,21448.0,0.0,0.0,64,8,37500000.0,0.125,122697.0,2.1727820081459184,True,5,0,"[18, 3, -17, 4, 1]","[18, 3, -17, 4, 1]",1,1,8
3-feature,3,8,official_models/3-feature-perminv/jet_classifier_large_8/models/epoch=1087-acc=66.97%-val_acc=66.60%-EBOPs=170586.keras,16,Folded-16,ok,,,56470.0,21448.0,0.0,0.0,64,8,37500000.0,0.125,122697.0,2.1727820081459184,True,5,0,"[18, 3, -17, 4, 1]","[18, 3, -17, 4, 1]",1,1,8
3-feature,3,16,official_models/3-feature-perminv/jet_classifier_large_16/models/epoch=1640-acc=73.62%-val_acc=73.49%-EBOPs=171253.keras,1,Spatial baseline,ok,,,129494.0,80931.0,0.0,0.0,51,1,300000000.0,0.0196078431372549,129494.0,1.0,True,5,0,"[21, 5, -18, 2, 3]","[21, 5, -18, 2, 3]",1,16,1
3-feature,3,16,official_models/3-feature-perminv/jet_classifier_large_16/models/epoch=1640-acc=73.62%-val_acc=73.49%-EBOPs=171253.keras,2,Folded-2,ok,,,81887.0,47564.0,0.0,0.0,51,2,150000000.0,0.0392156862745098,128616.0,1.5706522402823404,True,5,0,"[21, 5, -18, 2, 3]","[21, 5, -18, 2, 3]",1,8,2
3-feature,3,16,official_models/3-feature-perminv/jet_classifier_large_16/models/epoch=1640-acc=73.62%-val_acc=73.49%-EBOPs=171253.keras,4,Folded-4,ok,,,58066.0,30630.0,0.0,0.0,53,4,75000000.0,0.07547169811320754,126790.0,2.183549753728516,True,5,0,"[21, 5, -18, 2, 3]","[21, 5, -18, 2, 3]",1,4,4
3-feature,3,16,official_models/3-feature-perminv/jet_classifier_large_16/models/epoch=1640-acc=73.62%-val_acc=73.49%-EBOPs=171253.keras,8,Folded-8,ok,,,46195.0,22097.0,0.0,0.0,59,8,37500000.0,0.13559322033898305,123454.0,2.6724537287585237,True,5,0,"[21, 5, -18, 2, 3]","[21, 5, -18, 2, 3]",1,2,8
3-feature,3,16,official_models/3-feature-perminv/jet_classifier_large_16/models/epoch=1640-acc=73.62%-val_acc=73.49%-EBOPs=171253.keras,16,Folded-16,ok,,,40325.0,17765.0,0.0,0.0,75,16,18750000.0,0.21333333333333335,117830.0,2.922008679479231,True,5,0,"[21, 5, -18, 2, 3]","[21, 5, -18, 2, 3]",1,1,16
3-feature,3,32,official_models/3-feature-perminv/jet_classifier_large_32/models/epoch=1390-acc=79.13%-val_acc=78.92%-EBOPs=176950.keras,1,Spatial baseline,ok,,,127758.0,78161.0,0.0,0.0,53,1,300000000.0,0.018867924528301886,127758.0,1.0,True,5,0,"[10, 4, -19, 5, 6]","[10, 4, -19, 5, 6]",1,32,1
3-feature,3,32,official_models/3-feature-perminv/jet_classifier_large_32/models/epoch=1390-acc=79.13%-val_acc=78.92%-EBOPs=176950.keras,2,Folded-2,ok,,,77025.0,44400.0,0.0,0.0,53,2,150000000.0,0.03773584905660377,126341.0,1.6402596559558584,True,5,0,"[10, 4, -19, 5, 6]","[10, 4, -19, 5, 6]",1,16,2
3-feature,3,32,official_models/3-feature-perminv/jet_classifier_large_32/models/epoch=1390-acc=79.13%-val_acc=78.92%-EBOPs=176950.keras,4,Folded-4,ok,,,52173.0,27979.0,0.0,0.0,55,4,75000000.0,0.07272727272727272,125565.0,2.4067046173308033,True,5,0,"[10, 4, -19, 5, 6]","[10, 4, -19, 5, 6]",1,8,4
3-feature,3,32,official_models/3-feature-perminv/jet_classifier_large_32/models/epoch=1390-acc=79.13%-val_acc=78.92%-EBOPs=176950.keras,8,Folded-8,ok,,,39747.0,19715.0,0.0,0.0,61,8,37500000.0,0.13114754098360656,124013.0,3.120059375550356,True,5,0,"[10, 4, -19, 5, 6]","[10, 4, -19, 5, 6]",1,4,8
3-feature,3,32,official_models/3-feature-perminv/jet_classifier_large_32/models/epoch=1390-acc=79.13%-val_acc=78.92%-EBOPs=176950.keras,16,Folded-16,ok,,,33548.0,15541.0,0.0,0.0,75,16,18750000.0,0.21333333333333335,121133.0,3.6107368546560155,True,5,0,"[10, 4, -19, 5, 6]","[10, 4, -19, 5, 6]",1,2,16
3-feature,3,64,official_models/3-feature-perminv/jet_classifier_large_64/models/epoch=1294-acc=81.65%-val_acc=81.64%-EBOPs=226791.keras,1,Spatial baseline,ok,,,162885.0,114454.0,0.0,0.0,55,1,300000000.0,0.01818181818181818,162885.0,1.0,True,5,0,"[13, 7, -18, 5, -4]","[13, 7, -18, 5, -4]",1,64,1
3-feature,3,64,official_models/3-feature-perminv/jet_classifier_large_64/models/epoch=1294-acc=81.65%-val_acc=81.64%-EBOPs=226791.keras,2,Folded-2,ok,,,92657.0,59668.0,0.0,0.0,55,2,150000000.0,0.03636363636363636,160766.0,1.7350658881681902,True,5,0,"[13, 7, -18, 5, -4]","[13, 7, -18, 5, -4]",1,32,2
3-feature,3,64,official_models/3-feature-perminv/jet_classifier_large_64/models/epoch=1294-acc=81.65%-val_acc=81.64%-EBOPs=226791.keras,4,Folded-4,ok,,,58549.0,34489.0,0.0,0.0,57,4,75000000.0,0.07017543859649122,160552.0,2.742181762284582,True,5,0,"[13, 7, -18, 5, -4]","[13, 7, -18, 5, -4]",1,16,4
3-feature,3,64,official_models/3-feature-perminv/jet_classifier_large_64/models/epoch=1294-acc=81.65%-val_acc=81.64%-EBOPs=226791.keras,8,Folded-8,ok,,,41461.0,21824.0,0.0,0.0,63,8,37500000.0,0.12698412698412698,159852.0,3.8554786425797736,True,5,0,"[13, 7, -18, 5, -4]","[13, 7, -18, 5, -4]",1,8,8
3-feature,3,64,official_models/3-feature-perminv/jet_classifier_large_64/models/epoch=1294-acc=81.65%-val_acc=81.64%-EBOPs=226791.keras,16,Folded-16,ok,,,32887.0,15425.0,0.0,0.0,77,16,18750000.0,0.2077922077922078,157972.0,4.803478578161584,True,5,0,"[13, 7, -18, 5, -4]","[13, 7, -18, 5, -4]",1,4,16
3-feature,3,128,official_models/3-feature-perminv/jet_classifier_large_128/models/epoch=489-acc=81.72%-val_acc=81.40%-EBOPs=492752.keras,1,Spatial baseline,ok,,,317202.0,236759.0,0.0,0.0,61,1,300000000.0,0.01639344262295082,317202.0,1.0,True,5,0,"[19, 16, -14, 19, -1]","[19, 16, -14, 19, -1]",1,128,1
3-feature,3,128,official_models/3-feature-perminv/jet_classifier_large_128/models/epoch=489-acc=81.72%-val_acc=81.40%-EBOPs=492752.keras,2,Folded-2,ok,,,199559.0,141001.0,0.0,0.0,61,2,150000000.0,0.03278688524590164,363259.0,1.8203087808618004,True,5,0,"[19, 16, -14, 19, -1]","[19, 16, -14, 19, -1]",1,64,2
3-feature,3,128,official_models/3-feature-perminv/jet_classifier_large_128/models/epoch=489-acc=81.72%-val_acc=81.40%-EBOPs=492752.keras,4,Folded-4,ok,,,119993.0,77229.0,0.0,0.0,61,4,75000000.0,0.06557377049180328,372395.0,3.103472702574317,True,5,0,"[19, 16, -14, 19, -1]","[19, 16, -14, 19, -1]",1,32,4
3-feature,3,128,official_models/3-feature-perminv/jet_classifier_large_128/models/epoch=489-acc=81.72%-val_acc=81.40%-EBOPs=492752.keras,8,Folded-8,ok,,,78326.0,45510.0,0.0,0.0,67,8,37500000.0,0.11940298507462686,375595.0,4.795278706942778,True,5,0,"[19, 16, -14, 19, -1]","[19, 16, -14, 19, -1]",1,16,8
3-feature,3,128,official_models/3-feature-perminv/jet_classifier_large_128/models/epoch=489-acc=81.72%-val_acc=81.40%-EBOPs=492752.keras,16,Folded-16,ok,,,57472.0,29605.0,0.0,0.0,81,16,18750000.0,0.19753086419753085,381667.0,6.640920796213808,True,5,0,"[19, 16, -14, 19, -1]","[19, 16, -14, 19, -1]",1,8,16
16-feature,16,8,official_models/16-feature-perminv/jet_classifier_large_8/models/epoch=2099-acc=74.17%-val_acc=73.91%-EBOPs=88867.keras,1,Spatial baseline,ok,,,69300.0,41993.0,0.0,0.0,51,1,300000000.0,0.0196078431372549,69300.0,1.0,True,5,0,"[7, 10, -26, -18, -10]","[7, 10, -26, -18, -10]",1,8,1
16-feature,16,8,official_models/16-feature-perminv/jet_classifier_large_8/models/epoch=2099-acc=74.17%-val_acc=73.91%-EBOPs=88867.keras,2,Folded-2,ok,,,46259.0,26994.0,0.0,0.0,51,2,150000000.0,0.0392156862745098,69521.0,1.5028643074861108,True,5,0,"[7, 10, -26, -18, -10]","[7, 10, -26, -18, -10]",1,4,2
16-feature,16,8,official_models/16-feature-perminv/jet_classifier_large_8/models/epoch=2099-acc=74.17%-val_acc=73.91%-EBOPs=88867.keras,4,Folded-4,ok,,,34284.0,19108.0,0.0,0.0,53,4,75000000.0,0.07547169811320754,68145.0,1.9876618830941548,True,5,0,"[7, 10, -26, -18, -10]","[7, 10, -26, -18, -10]",1,2,4
16-feature,16,8,official_models/16-feature-perminv/jet_classifier_large_8/models/epoch=2099-acc=74.17%-val_acc=73.91%-EBOPs=88867.keras,8,Folded-8,ok,,,28254.0,15008.0,0.0,0.0,61,8,37500000.0,0.13114754098360656,65053.0,2.30243505344376,True,5,0,"[7, 10, -26, -18, -10]","[7, 10, -26, -18, -10]",1,1,8
16-feature,16,8,official_models/16-feature-perminv/jet_classifier_large_8/models/epoch=2099-acc=74.17%-val_acc=73.91%-EBOPs=88867.keras,16,Folded-16,ok,,,28254.0,15008.0,0.0,0.0,61,8,37500000.0,0.13114754098360656,65053.0,2.30243505344376,True,5,0,"[7, 10, -26, -18, -10]","[7, 10, -26, -18, -10]",1,1,8
16-feature,16,16,official_models/16-feature-perminv/jet_classifier_large_16/models/epoch=1795-acc=78.62%-val_acc=78.27%-EBOPs=116699.keras,1,Spatial baseline,ok,,,93462.0,59669.0,0.0,0.0,48,1,300000000.0,0.020833333333333332,93462.0,1.0,True,5,0,"[6, 10, -20, -12, 4]","[6, 10, -20, -12, 4]",1,16,1
16-feature,16,16,official_models/16-feature-perminv/jet_classifier_large_16/models/epoch=1795-acc=78.62%-val_acc=78.27%-EBOPs=116699.keras,2,Folded-2,ok,,,59881.0,36438.0,0.0,0.0,48,2,150000000.0,0.041666666666666664,94853.0,1.5840249828827173,True,5,0,"[6, 10, -20, -12, 4]","[6, 10, -20, -12, 4]",1,8,2
16-feature,16,16,official_models/16-feature-perminv/jet_classifier_large_16/models/epoch=1795-acc=78.62%-val_acc=78.27%-EBOPs=116699.keras,4,Folded-4,ok,,,42391.0,24139.0,0.0,0.0,50,4,75000000.0,0.08,94837.0,2.2371965747446394,True,5,0,"[6, 10, -20, -12, 4]","[6, 10, -20, -12, 4]",1,4,4
16-feature,16,16,official_models/16-feature-perminv/jet_classifier_large_16/models/epoch=1795-acc=78.62%-val_acc=78.27%-EBOPs=116699.keras,8,Folded-8,ok,,,33383.0,17674.0,0.0,0.0,56,8,37500000.0,0.14285714285714285,92701.0,2.7768924302788847,True,5,0,"[6, 10, -20, -12, 4]","[6, 10, -20, -12, 4]",1,2,8
16-feature,16,16,official_models/16-feature-perminv/jet_classifier_large_16/models/epoch=1795-acc=78.62%-val_acc=78.27%-EBOPs=116699.keras,16,Folded-16,ok,,,28868.0,14379.0,0.0,0.0,72,16,18750000.0,0.2222222222222222,88253.0,3.0571220728834696,True,5,0,"[6, 10, -20, -12, 4]","[6, 10, -20, -12, 4]",1,1,16
16-feature,16,32,official_models/16-feature-perminv/jet_classifier_large_32/models/epoch=1299-acc=81.58%-val_acc=81.26%-EBOPs=171151.keras,1,Spatial baseline,ok,,,136839.0,97018.0,0.0,0.0,53,1,300000000.0,0.018867924528301886,136839.0,1.0,False,5,1,"[10, 5, -5, 6, 10]","[10, 5, -5, 7, 10]",1,32,1
16-feature,16,32,official_models/16-feature-perminv/jet_classifier_large_32/models/epoch=1299-acc=81.58%-val_acc=81.26%-EBOPs=171151.keras,2,Folded-2,ok,,,84501.0,56018.0,0.0,0.0,53,2,150000000.0,0.03773584905660377,139156.0,1.646797079324505,False,5,1,"[10, 5, -5, 6, 10]","[10, 5, -5, 7, 10]",1,16,2
16-feature,16,32,official_models/16-feature-perminv/jet_classifier_large_32/models/epoch=1299-acc=81.58%-val_acc=81.26%-EBOPs=171151.keras,4,Folded-4,ok,,,57500.0,34820.0,0.0,0.0,55,4,75000000.0,0.07272727272727272,140462.0,2.442817391304348,False,5,1,"[10, 5, -5, 6, 10]","[10, 5, -5, 7, 10]",1,8,4
16-feature,16,32,official_models/16-feature-perminv/jet_classifier_large_32/models/epoch=1299-acc=81.58%-val_acc=81.26%-EBOPs=171151.keras,8,Folded-8,ok,,,43878.0,24115.0,0.0,0.0,61,8,37500000.0,0.13114754098360656,142102.0,3.2385705820684625,False,5,1,"[10, 5, -5, 6, 10]","[10, 5, -5, 7, 10]",1,4,8
16-feature,16,32,official_models/16-feature-perminv/jet_classifier_large_32/models/epoch=1299-acc=81.58%-val_acc=81.26%-EBOPs=171151.keras,16,Folded-16,ok,,,36793.0,18555.0,0.0,0.0,75,16,18750000.0,0.21333333333333335,140998.0,3.832196341695431,False,5,1,"[10, 5, -5, 6, 10]","[10, 5, -5, 7, 10]",1,2,16
16-feature,16,64,official_models/16-feature-perminv/jet_classifier_large_64/models/epoch=931-acc=82.35%-val_acc=82.08%-EBOPs=231703.keras,1,Spatial baseline,ok,,,176269.0,135011.0,0.0,0.0,56,1,300000000.0,0.017857142857142856,176269.0,1.0,True,5,0,"[5, 1, -23, 6, 6]","[5, 1, -23, 6, 6]",1,64,1
16-feature,16,64,official_models/16-feature-perminv/jet_classifier_large_64/models/epoch=931-acc=82.35%-val_acc=82.08%-EBOPs=231703.keras,2,Folded-2,ok,,,110608.0,77148.0,0.0,0.0,57,2,150000000.0,0.03508771929824561,189823.0,1.7161778533198322,True,5,0,"[5, 1, -23, 6, 6]","[5, 1, -23, 6, 6]",1,32,2
16-feature,16,64,official_models/16-feature-perminv/jet_classifier_large_64/models/epoch=931-acc=82.35%-val_acc=82.08%-EBOPs=231703.keras,4,Folded-4,ok,,,72579.0,46140.0,0.0,0.0,59,4,75000000.0,0.06779661016949153,196137.0,2.702393254247096,True,5,0,"[5, 1, -23, 6, 6]","[5, 1, -23, 6, 6]",1,16,4
16-feature,16,64,official_models/16-feature-perminv/jet_classifier_large_64/models/epoch=931-acc=82.35%-val_acc=82.08%-EBOPs=231703.keras,8,Folded-8,ok,,,52690.0,30008.0,0.0,0.0,65,8,37500000.0,0.12307692307692308,201769.0,3.829360409944961,True,5,0,"[5, 1, -23, 6, 6]","[5, 1, -23, 6, 6]",1,8,8
16-feature,16,64,official_models/16-feature-perminv/jet_classifier_large_64/models/epoch=931-acc=82.35%-val_acc=82.08%-EBOPs=231703.keras,16,Folded-16,ok,,,42352.0,21682.0,0.0,0.0,79,16,18750000.0,0.20253164556962025,206737.0,4.881398753305629,True,5,0,"[5, 1, -23, 6, 6]","[5, 1, -23, 6, 6]",1,4,16
16-feature,16,128,official_models/16-feature-perminv/jet_classifier_large_128/models/epoch=885-acc=82.31%-val_acc=81.94%-EBOPs=291876.keras,1,Spatial baseline,ok,,,227929.0,185189.0,0.0,0.0,59,1,300000000.0,0.01694915254237288,227929.0,1.0,True,5,0,"[14, 1, -17, -3, -2]","[14, 1, -17, -3, -2]",1,128,1
16-feature,16,128,official_models/16-feature-perminv/jet_classifier_large_128/models/epoch=885-acc=82.31%-val_acc=81.94%-EBOPs=291876.keras,2,Folded-2,ok,,,137017.0,117487.0,0.0,0.0,62,2,150000000.0,0.03225806451612903,246106.0,1.7961712780165964,True,5,0,"[14, 1, -17, -3, -2]","[14, 1, -17, -3, -2]",1,64,2
16-feature,16,128,official_models/16-feature-perminv/jet_classifier_large_128/models/epoch=885-acc=82.31%-val_acc=81.94%-EBOPs=291876.keras,4,Folded-4,ok,,,85092.0,65061.0,0.0,0.0,64,4,75000000.0,0.0625,256584.0,3.015371597800028,True,5,0,"[14, 1, -17, -3, -2]","[14, 1, -17, -3, -2]",1,32,4
16-feature,16,128,official_models/16-feature-perminv/jet_classifier_large_128/models/epoch=885-acc=82.31%-val_acc=81.94%-EBOPs=291876.keras,8,Folded-8,ok,,,57495.0,38897.0,0.0,0.0,70,8,37500000.0,0.11428571428571428,264464.0,4.599773893382033,True,5,0,"[14, 1, -17, -3, -2]","[14, 1, -17, -3, -2]",1,16,8
16-feature,16,128,official_models/16-feature-perminv/jet_classifier_large_128/models/epoch=885-acc=82.31%-val_acc=81.94%-EBOPs=291876.keras,16,Folded-16,ok,,,43288.0,25327.0,0.0,0.0,84,16,18750000.0,0.19047619047619047,273688.0,6.322491221585659,True,5,0,"[14, 1, -17, -3, -2]","[14, 1, -17, -3, -2]",1,8,16
